name,email,stat
Harry Potter,harry_potter@hogwarts.com,0
Ronald Weasley,ronald_weasley@hogwarts.com,0
Hermione Granger,hermione_granger@hogwarts.com,0
Neville Longbottom,neville_longbottom@hogwarts.com,0
Dean Thomas,dean_thomas@hogwarts.com,0
Seamus Finnigan,seamus_finnigan@hogwarts.com,0
Lavender Brown,lavender_brown@hogwarts.com,0
Cormac McLaggen,cormac_mclaggen@hogwarts.com,0
Parvati Patil,parvati_patil@hogwarts.com,0
